mean,std,folds,errors
0.5395833333333334,0.053825044511515895,5,0
0.5479166666666666,0.030010125606016545,5,0
