mean,std,folds,errors
0.5395833333333334,0.053825044511515895,5,0
0.5520833333333333,0.03294039229342063,5,0
0.58125,0.022582795196540426,5,0
