n_estimators,learning_rate,max_depth
228,0.07434343434343435,9
434.0,0.3762626262626263,6.0
