mean,std,folds,errors
0.5666666666666667,0.04750730937913076,5,0
0.5541666666666667,0.05331868288362389,5,0
