mean,std,folds,errors
0.5666666666666668,0.03501611732077419,5,0
0.5666666666666667,0.03798871360168846,5,0
0.5583333333333333,0.039390980002477156,5,0
