mean,std,folds,errors
0.5666666666666668,0.03501611732077419,5,0
0.5916666666666667,0.037121936835844714,5,0
0.5708333333333333,0.026962873136551626,5,0
